epoch,train_loss,train_miou,train_mf1,train_iou_impervious,train_iou_building,train_iou_lowveg,train_iou_tree,train_iou_car,train_f1_impervious,train_f1_building,train_f1_lowveg,train_f1_tree,train_f1_car,test_loss,test_miou,test_mf1,test_iou_impervious,test_iou_building,test_iou_lowveg,test_iou_tree,test_iou_car,test_f1_impervious,test_f1_building,test_f1_lowveg,test_f1_tree,test_f1_car,lr
1,0.8704718234086478,0.5201467095434325,0.6432441318381565,0.6487952147575992,0.717646907488988,0.5223972485176395,0.4875820588872389,0.22431211806569654,0.7774177370084175,0.8178855023966987,0.6640116034200516,0.627607164791474,0.3292986515741409,0.44447701631320846,0.6994684323099338,0.8071042222643984,0.7948957346971073,0.8600810032323121,0.6460599110033067,0.681669771553032,0.5146357410639111,0.8826481475971113,0.9137269301329337,0.7754565351128092,0.8061614789207804,0.657528019558357,9.997532801828658e-05
2,0.461934146022907,0.7108315221301315,0.8210830539911271,0.77058603959503,0.8599246994212821,0.6699854948178485,0.6519912154310279,0.6016701613854686,0.8666570253899851,0.9222020007798846,0.7977567036248865,0.7841691402316577,0.7346303999292217,0.34546496133719173,0.760869562253356,0.8522423167386345,0.8240085383729329,0.8850188337798629,0.6759148463015519,0.6976164318029843,0.7217891610094479,0.9009096003764157,0.9310034579248976,0.7974045640910755,0.817697187005748,0.8141967742950356,9.990133642141359e-05
3,0.38044531274310966,0.7562282598301492,0.8537850065985376,0.8048499116881026,0.8885456533688638,0.6950926900392881,0.6753414137702849,0.7173116302842067,0.8896961229301558,0.9385776591252124,0.81463725994873,0.8014370832667873,0.8245769077218027,0.3097585884942895,0.7842880940966545,0.8677773678376554,0.8337288874955404,0.8867391525205993,0.701627656137423,0.7371266688855868,0.7622181054441228,0.9070013377000513,0.9303748908119753,0.8161867542649018,0.8450178966270149,0.8403059597843332,9.977809823015401e-05
4,0.32580049984433035,0.7852661247744603,0.8732913663083037,0.8251437400985095,0.917949294326482,0.7263912892451992,0.6966389481806092,0.7602073520215021,0.9016833388146702,0.9564600297240161,0.837917984962241,0.8173538467804159,0.8530416312601756,0.3148699932923866,0.7838396614210474,0.8670721731733986,0.8445361741478481,0.8995365299994037,0.6914284226321985,0.6901295179175952,0.7935676624081911,0.9137515858397005,0.9398566808174994,0.8095954686410691,0.812027177771868,0.8601299527968566,9.960573506572391e-05
5,0.3026691477538811,0.8031165937306705,0.8855175198423666,0.8396464811844958,0.9275785589383708,0.7373431155251132,0.7072425350822784,0.8037722779230939,0.9109535745444818,0.961916632526616,0.8456096220955485,0.8251134341212105,0.8839943359239766,0.29882507780123324,0.7982706840534413,0.8764484499398278,0.847497838830191,0.8998053733495965,0.7119704259056894,0.7321055488927024,0.7999742332890275,0.9151331512036912,0.9389591958103773,0.824005418401469,0.8417429128148683,0.8624015714687332,9.93844170297569e-05
6,0.28618751942283577,0.8114174921824423,0.8906085499261627,0.8487428124580119,0.9302014060042523,0.751128589251527,0.7173910573538806,0.8096235958445404,0.9166194814715547,0.9631820917101679,0.8554297374570157,0.8315928900598017,0.8862185489322736,0.27532654110756183,0.8070496362397476,0.8818149020367361,0.8521965914775455,0.9048268121504595,0.7060826628631542,0.7486328643465799,0.8235092503609993,0.9180572076198692,0.9416747170627231,0.8182544192870228,0.8531416836931746,0.8779464825208906,9.911436253643445e-05
7,0.2669209040770376,0.8231251275718764,0.8977605299536592,0.8599155317578051,0.9403815802048754,0.7617832934138952,0.7213457578931142,0.8321994745896922,0.9234155422157277,0.9689001339565542,0.8622996911489508,0.8339079080381376,0.9002793744089255,0.28349497435348375,0.7992409916387664,0.8761285290022671,0.8572492176105105,0.9117894200460305,0.6733048065669007,0.7317447212953416,0.8221167926750486,0.9212357786428454,0.9471907908189213,0.7939202677377082,0.8414840818159527,0.8768117259959081,9.879583809693738e-05
8,0.25504692467964357,0.8322816182479814,0.9046149066214489,0.8636435388966843,0.9446432769850448,0.7684806776405485,0.7344268472106369,0.8502137505069927,0.9256399076671509,0.9712605819242147,0.8663301023300783,0.8440046921676484,0.9158392490181527,0.27913429259899114,0.8121274595400172,0.8853944333930837,0.8577155092405895,0.9111138861626387,0.7192289914403643,0.7369745950850229,0.83560431577147,0.9214509670909944,0.9459077913903644,0.829596544196099,0.8452401512180102,0.8847767130699509,9.842915805643157e-05
9,0.2407838877428461,0.8394848913713187,0.9083423363526514,0.8749563140725648,0.9497755888711523,0.7774272688009121,0.7437028978709821,0.8515623872409817,0.9324308442472845,0.9738202478078161,0.87217677350166,0.8508270907733574,0.9124567254331389,0.26852277749114567,0.814702753762951,0.8867883712673329,0.857753694293991,0.9017200932619975,0.7233826294541359,0.7594180526951003,0.8312392991095309,0.9213416254949924,0.9376219753261791,0.8320806400590617,0.8604991360270517,0.8823984794293798,9.801468428384717e-05
10,0.23934880626836308,0.8411988409494775,0.9094424536035234,0.8709497679438856,0.9490144792254325,0.7814961404850086,0.7477850662889304,0.8567487508041302,0.92961074572143,0.9735068134142659,0.8751127208251931,0.8533385798774489,0.9156434081792795,0.26792118940798065,0.8170952673705797,0.8887528056650791,0.8579752218155634,0.9114231464586088,0.7245840806040972,0.7563097740686129,0.8351841139060164,0.9215216623487994,0.9464464205587686,0.8322015881885916,0.8582694932864726,0.8853248639427631,9.75528258147577e-05
11,0.2305139154713187,0.846165442346009,0.9122919042859697,0.8755068323678441,0.9513339452031586,0.7852623379375372,0.7542448099702597,0.8644792862512447,0.9319616289544433,0.9745302075871055,0.8767525450189256,0.8576037732858749,0.9206113665834995,0.2605038086868941,0.8216929699870803,0.8913612473342223,0.8593039619071143,0.9197185751464632,0.7237526991715034,0.7630673544037909,0.8426222593065292,0.922355418509188,0.9517487346938104,0.8308597244012405,0.8625125599860727,0.8893297990808,9.70440384477113e-05
12,0.221814029229184,0.8512346251729739,0.9155990458846253,0.8842169525170768,0.9568257631251106,0.7911937329918146,0.7587210157265266,0.8652156615043404,0.9376714266246017,0.9777641853695428,0.8811925237043918,0.8605296330501105,0.9208374606744798,0.26499105029044645,0.8226571058529236,0.8922153527515206,0.8560343706418597,0.9234571048901195,0.7279529851521291,0.7569195505172487,0.8489215180632614,0.920287281890944,0.954052388033656,0.8351324412747803,0.8586709525065316,0.8929337000516913,9.64888242944126e-05
13,0.21330171207793885,0.853578281906192,0.9164417403773077,0.8897900384057451,0.9582961775638439,0.7973325883072836,0.7578922835075192,0.8645803217465678,0.9408874082475921,0.9783924765781249,0.8851564374272842,0.8602001975838306,0.9175721820497068,0.2526118128250043,0.8263085562905801,0.8940741768987296,0.8668425702859485,0.9210661718296627,0.7288116794966516,0.7655337717798021,0.8492885880608348,0.926939643539844,0.9523021235311471,0.8348975000187937,0.8642991407930551,0.8919324766108081,9.588773128419907e-05
14,0.20787767420902295,0.8615703898757973,0.9223840260525688,0.8930905153629957,0.9576743637660036,0.8050391362911021,0.7684469166453238,0.883601017313561,0.9428487677534663,0.9775571120712263,0.8899345152498639,0.867100992517697,0.9344787426705898,0.2584635268246371,0.8254654941370798,0.8935523025055424,0.8622518952876802,0.9180786283095441,0.7313490961456582,0.7620269523726569,0.8536208985698601,0.9239812883306433,0.9496335631464884,0.8364534438312147,0.8619235559827196,0.8957696612366466,9.5241352623301e-05
15,0.2071430803000651,0.8626729275617334,0.9228723341355292,0.8957212043029291,0.9596183284841202,0.8052013461926469,0.7692176714815475,0.8836060873474236,0.9442753455904521,0.9792050478900954,0.8895693594916089,0.8674338097117035,0.9338781079937851,0.25913939908856437,0.823316601888528,0.8923208566087091,0.865375870750064,0.9189776925458795,0.733613714930557,0.7620052442191139,0.8366104869970253,0.9259624152366559,0.9506744921660694,0.8387855060107038,0.8616942018036655,0.8844876678264509,9.455032620941843e-05
16,0.20358544522551475,0.8607439610141835,0.9209794941209093,0.8931084908545017,0.959400510346448,0.8111734750370184,0.770082471271356,0.8699548575615929,0.9425569567876666,0.9790304245779669,0.8939581841073652,0.8678882218381504,0.9214636832933977,0.2868397496640682,0.8129484178734913,0.8857246177201649,0.854345194167561,0.8920615814064466,0.7235206961336117,0.7638147850594823,0.8309998326003551,0.9192371519508817,0.9315246042730385,0.8324627826889028,0.8633474663174078,0.8820510833705932,9.381533400219321e-05
17,0.19250499503687024,0.8684547748640868,0.9261168426616345,0.9032140056844111,0.9643939366495168,0.8195068334677705,0.7769438156651126,0.8782152828536238,0.9486083498360327,0.981734129353518,0.8992150202806485,0.8723828936823452,0.928643820155628,0.25492858656105544,0.831457674485587,0.8974712978847041,0.8677279942092442,0.9233852645589246,0.7401011350845533,0.771028250928909,0.8550457276463036,0.9274063173733622,0.9532516093096816,0.842979744722463,0.8677518718384118,0.8959669461796023,9.303710135019722e-05
18,0.18838770546157052,0.8726515591437757,0.9289597261296381,0.903614337383597,0.9659367768024957,0.8211472028245529,0.7822659713802514,0.8902935073279811,0.9488400188371124,0.9824943367294948,0.9002967962638702,0.8761635809611183,0.9370038978565943,0.2696718249233469,0.8250204676850921,0.8935673385348697,0.8582028900347058,0.9181023338839175,0.7332026724600129,0.7624430444742006,0.8531513975726234,0.9215650576998458,0.9495066078019337,0.8388013142426463,0.8626208235390432,0.8953428893908787,9.22163962751008e-05
19,0.18936193520548167,0.8714011651049886,0.9284467378699004,0.9006184987999775,0.9620010520297068,0.8232793561010449,0.781758479911972,0.8893484386822416,0.947002754362985,0.9804124331904123,0.9016077843882596,0.8753561030170114,0.9378546143908338,0.2543745159156739,0.8319360193692976,0.8979931471017787,0.8707759344861621,0.9263761549123696,0.7348684598470018,0.7705169300001765,0.8571426176007778,0.929295360079773,0.9558132294117412,0.8393488994328994,0.8676466007933858,0.8978616457910941,9.135402871372814e-05
20,0.18009269834254626,0.8778192145267016,0.9325709143427936,0.9098538670826841,0.9662965981772652,0.8294681528652156,0.786642307691552,0.8968351468167923,0.9523290898160133,0.9826550834144799,0.9054038194113956,0.8789231274467768,0.9435434516253025,0.2560013360861275,0.8312199236913805,0.8974741291681575,0.8690820785741957,0.9255410061173496,0.7377830751476779,0.7641863334510062,0.8595071251666735,0.928242510177632,0.9549204840189945,0.8412305947353664,0.8634874050385796,0.899489651870215,9.045084971874742e-05
21,0.17605739602543138,0.8798520496994671,0.9331117530137153,0.9109544669864355,0.9665686739177478,0.832993016819711,0.7935103031772154,0.8952337875962257,0.9529467126255496,0.9818515402219005,0.9072572161789354,0.8834953465640099,0.9400079494781809,0.2529670647567227,0.834062288317179,0.899305682170756,0.8707236522246921,0.9287676020924535,0.7390071226372605,0.7718183231495676,0.859994741481921,0.9292317698368726,0.9568566040734588,0.8421796251235351,0.8685428723276013,0.8997175394923117,8.950775061878456e-05
22,0.17062540314401742,0.8833849611657637,0.9352717322251639,0.914255027555757,0.9689003296748355,0.839973960623697,0.8008226063792352,0.8929728815952936,0.9547852266807104,0.9840973354979993,0.9117370084702332,0.8883358541742707,0.9374032363026054,0.26156679990272674,0.8300660658095564,0.8967095122014734,0.8669103412401109,0.9239392696569363,0.7341584079854545,0.7673745015783916,0.8579478085868888,0.9269308742973672,0.953952235633507,0.8385892940949751,0.8656265119190489,0.8984486450624691,8.852566213878951e-05
23,0.17038203084289474,0.8819126279127818,0.9342961837805852,0.9129724066566538,0.9695002151032289,0.8384255307416121,0.7965291302513193,0.8921358568110952,0.9539798277571407,0.9844182384401582,0.9109151677279494,0.885146189158129,0.9370214958195489,0.26266716195950435,0.8282491599165258,0.895593800481155,0.8644937158577026,0.9214491831463953,0.738730988095677,0.7648230316856551,0.8517488807971988,0.9255040579752773,0.9516663328363975,0.842328092297093,0.8642069719163595,0.894263547380648,8.750555348152303e-05
24,0.1701818634410975,0.8828822442951301,0.9349204450804732,0.9146264701805733,0.9685767719315158,0.839747932912023,0.7974851767498033,0.8939748697017355,0.9549602842532606,0.9839226497165862,0.9116297740494416,0.885799400274143,0.9382901171089356,0.24621997611035432,0.8343492132559831,0.8989699544066971,0.8728484960775527,0.9299286656259071,0.7386329055482906,0.7733984633334099,0.856937535694756,0.9305062075701342,0.9572147065428693,0.8417390775810757,0.8693064949652288,0.8960832853741779,8.644843137107063e-05
25,0.1665467754592774,0.8855539045676037,0.9369962985030765,0.9141022122844502,0.9699365918835005,0.8400600602229437,0.8006725587916595,0.9029980996554648,0.9546542226685303,0.9846658694464201,0.9115397018848092,0.887727267580045,0.9463944309355777,0.25834166527622276,0.8324206512864857,0.898113786958888,0.8721872260646214,0.9293725345549839,0.7373109332448433,0.7611853307674802,0.8620472318004995,0.9300925788263473,0.9571480751819856,0.8409040321592217,0.8617580426906851,0.9006662059362,8.535533905932742e-05
26,0.1592376501713362,0.889787639953472,0.9393439955820542,0.9205100303170858,0.9711389203590376,0.8470167750837626,0.8068644873521946,0.9034079866552794,0.9581167177508088,0.9852243412193104,0.9159510573690397,0.8917751057584035,0.9456527558127088,0.264465025906998,0.8270589276191054,0.8943435735671855,0.8724966342487033,0.9256916613214545,0.7214646603993421,0.7696587435073323,0.8459829386186949,0.9302818578532238,0.9555510783380485,0.8284913181976634,0.8665603202477523,0.8908332931992393,8.422735529643448e-05
27,0.16022051631093578,0.890863865641532,0.939618970131044,0.9220151734296922,0.9728537232235626,0.8501181377580872,0.8081229267021021,0.9012093670942165,0.9590689214757667,0.9861835980908973,0.9176798747677775,0.8921642382197303,0.9429982181010489,0.27086136534455274,0.8338237599750595,0.8991268891425713,0.8699123003180065,0.9229918970682082,0.7418748300877356,0.7689271202636143,0.8654126521377337,0.9286113350246371,0.9518181725762759,0.8443513793832614,0.8666536508968276,0.9041999078318547,8.306559326618263e-05
28,0.15409069587649019,0.895136012185227,0.9426486239680678,0.9252258430200594,0.9742941300350206,0.8563696863474669,0.8126746562344057,0.9071157452891823,0.9608188019250716,0.9869251877716498,0.921628214530805,0.8953880786568007,0.9484828369560119,0.25912552669880884,0.8381875781667609,0.9018785416792261,0.8755926553692136,0.9290083168104054,0.74406142311082,0.7745867123206457,0.8676887832227207,0.9320875635038615,0.956324679808375,0.8454298409692945,0.8703976546583377,0.905152969456262,8.187119948743452e-05
29,0.15179805824947026,0.896946485547556,0.9432269527492355,0.9247986152768135,0.972859410500085,0.857660592292194,0.8194059929637997,0.910007816704887,0.9606209344109616,0.9861691323393958,0.922271741656446,0.8995947605263098,0.9474781948130646,0.2622291270111288,0.8362617887911343,0.9009303071916153,0.8729213826240055,0.9316170908628948,0.7447303606877251,0.765893804766829,0.8661463050142167,0.9304243606806938,0.9585827638508024,0.8464614245186188,0.8648457340111899,0.9043372528967711,8.064535268264887e-05
30,0.15126836111907055,0.8965851805000394,0.9436071694256588,0.9242274573555699,0.9729604508589815,0.8585982887005364,0.8169125779359429,0.9102271276491659,0.9602659201310115,0.9862127847573393,0.9229380555224773,0.8980554578522911,0.9505636288651751,0.2622697294822761,0.835923368785353,0.9004883966754671,0.8732726063047137,0.928942356790815,0.7428472341585254,0.7672619699012666,0.867292676771444,0.9307035007326651,0.9564178914950071,0.8450011031726186,0.8657205289755022,0.9045989590015419,7.938926261462371e-05
31,0.1486654502891556,0.8979414973407984,0.9441145664372982,0.9263597373609189,0.9750241106031118,0.8601810602402246,0.8170528747141361,0.9110897037856005,0.9613975990534088,0.987286462895282,0.9238424264688652,0.8978485495861273,0.9501977941828075,0.26310251614758895,0.8335119619174668,0.8986622958988042,0.8729950740696892,0.9251327687904002,0.7385243159083147,0.7707226549585661,0.860184995860364,0.9305382991692327,0.9543584143800314,0.8416552052375587,0.867902190320286,0.8988573703869119,7.810416889260659e-05
32,0.14573891219441537,0.8995859211034798,0.9451935821164146,0.9276138782777168,0.9751010773082575,0.8621185980047341,0.8226282139895139,0.9104678379371762,0.9621158154496746,0.9873209397540216,0.9248924509611126,0.9017884736998537,0.9498502307174097,0.2603135992965055,0.8349851958701269,0.8995720692237489,0.8715724112495543,0.9326188831279675,0.7393949824488826,0.7707319530466247,0.8606077494776054,0.929742368774962,0.9593245349596202,0.842208128967238,0.8676341906616711,0.8989511227552536,7.679133974894988e-05
33,0.14168850661910795,0.9035433314326736,0.9474676279871883,0.9327661000468113,0.9755910412856826,0.8667560468117396,0.8240038898807985,0.9185995791383363,0.9650057680918823,0.9875726244792636,0.9276207983175339,0.9024252158222723,0.9547137332249895,0.26426001265645027,0.8336450583360616,0.898726708030957,0.8744368191276278,0.933275956246588,0.7304628977241615,0.766748888625039,0.8633007299568918,0.9314143123307154,0.9590806044442076,0.8357921898317515,0.8652026674828731,0.9021437660652368,7.545207078751862e-05
34,0.14076317358693038,0.9019110452021575,0.9460027201234051,0.9302388680753885,0.9766017017817056,0.8690208959634658,0.8270717288057009,0.9066220313845271,0.9635060360750499,0.9880724575287773,0.9291816229027691,0.904428757731004,0.9448247263794257,0.2565782079325309,0.8352564836033649,0.8998313901544821,0.8726819041702483,0.9286255010242929,0.7401273228701145,0.7695970746969419,0.8652506152552272,0.9303154999715715,0.9561731578461812,0.8423482795196866,0.8669751438938963,0.903344869541075,7.408768370508582e-05
35,0.13864125361390137,0.9045163144529969,0.9481928164315885,0.9321094485068763,0.9761013366557934,0.8706217804164799,0.8281379993315097,0.9156110073543258,0.9645911663301697,0.9878318382099709,0.9300338424231155,0.9049102045043423,0.9535970306903435,0.2558639028833972,0.8363206279597113,0.9001689871643807,0.8756201319278233,0.9281459041235466,0.7417468866776853,0.7708409877996596,0.8652492292698414,0.9320681060343109,0.9552817296646251,0.8432313007980096,0.8677275592332829,0.902536240091675,7.26995249869774e-05
36,0.13550690994425504,0.9062169611816191,0.9487451146602395,0.9337708607867912,0.9783867258164618,0.87271072646534,0.8294721919767283,0.9167443008627743,0.9655019716280859,0.9890434120790665,0.9311481776934786,0.905696025045281,0.9523359868552853,0.2675118858201636,0.8373128466731277,0.9013365336587655,0.8743788756075359,0.9282279249977335,0.7453038958270871,0.7670369105679649,0.8716166263653172,0.9313482007197142,0.955845784404912,0.8465866278466134,0.8655059922482906,0.9073960630742979,7.12889645782537e-05
37,0.13562784050763757,0.9049159432726877,0.9475949306300571,0.9326400501584565,0.9774664100949411,0.8726826744774977,0.8324461233008791,0.9093444583316644,0.9648549437339047,0.9885604935815829,0.9311329239969995,0.9075381006136526,0.9458881912241458,0.2710443800758748,0.8354820788727098,0.9000403874459758,0.8700531245697112,0.924003341335005,0.7413712358841348,0.7737958362651249,0.8681868563095728,0.9286114375126139,0.9532056967971402,0.8433915432323523,0.869974591681572,0.9050186680062003,6.985739453173908e-05
38,0.13333812776815007,0.9086394401750081,0.9502010743029015,0.9355106295810806,0.9785272549423907,0.8764627161953185,0.8358717043366697,0.9168248958195802,0.966400422168986,0.9891118791235667,0.9333951023940843,0.9096617189938385,0.9524362488340316,0.2654654187933793,0.8377700390915075,0.901617945481749,0.8765938066773944,0.9300915877083464,0.7442632065346789,0.7693588328030374,0.8685427617340807,0.9326240432872415,0.9571165980242201,0.8458613126992127,0.8671467481374809,0.9053410252605901,6.840622763423397e-05
39,0.13499166456016679,0.9073846027255058,0.9492318097860094,0.9367078127408469,0.9775366432688855,0.876086813432199,0.8324070397626471,0.9141847044229507,0.9671033855343077,0.9885702031091353,0.933292985677314,0.9074483504560232,0.9497441241532668,0.2667387288714212,0.8349716092164201,0.8995881811736168,0.8743347409698699,0.9264624371666402,0.7378391270481405,0.7714482424041581,0.8647734984932911,0.9313225614724466,0.9549476190879924,0.8408034144826431,0.8684071398658048,0.9024601709591972,6.693689601226464e-05
40,0.13060388650262245,0.9091405471748052,0.9502241533183209,0.937406870364039,0.9785202791293462,0.8782849279404791,0.8397618209322294,0.9117288375079321,0.9674553156132192,0.989070302661412,0.9343722423354598,0.9121983933010068,0.9480245126805064,0.2649139463014546,0.8368261534572831,0.900910875305944,0.8761791870707557,0.9302652318710609,0.7403887129196572,0.7679151968350486,0.8693824385898927,0.9324950333795319,0.957163737634472,0.8429432772932004,0.866069689767118,0.9058826384553971,6.545084971874744e-05
41,0.12715332732639378,0.9122140426326683,0.9518421675680097,0.9392831873286653,0.9786775719236445,0.8825235422010775,0.8408877678491451,0.9196981438608082,0.9684817623196655,0.9890895529102856,0.9368971725258289,0.9127375514139947,0.9520047986702738,0.2723321483603546,0.8384859217123852,0.902056770384528,0.8732581992471029,0.9315669462676086,0.7390244461241222,0.7750047322303529,0.8735752846927397,0.9307578298208535,0.9579529717518865,0.8423796240078738,0.8707683547959865,0.90842507154604,6.394955530196154e-05
42,0.1252432249451953,0.9131126290946094,0.9525134719649977,0.9394767917692661,0.9801249751062305,0.8835282307808046,0.843242649540857,0.9191904982758893,0.9685561872330962,0.9899067398859747,0.9374783257681806,0.9140178198442461,0.952608287093491,0.2775705950186839,0.8378865722437492,0.9015546955034944,0.8754384151053807,0.9298086705310862,0.7450015041385851,0.7682246181463438,0.8709596532973505,0.9319962467478506,0.9567852533295897,0.8461463388925977,0.8663648013457943,0.9064808372016394,6.24344943582428e-05
43,0.12462026857839967,0.9130481390420485,0.9525392911473972,0.9416666428248087,0.9802719711981438,0.8860301691348906,0.846090380102396,0.9111815319500036,0.9697878744978309,0.9900079071208736,0.9390191477996475,0.9159400251086283,0.9479415012100058,0.2608850024463165,0.8384077742222755,0.9020479750664692,0.8749723834177804,0.9254842980040444,0.7443473245357237,0.7732772731355259,0.8739575920183034,0.9317208044489677,0.9545890290565745,0.845802853779505,0.8694907377737211,0.9086364502735773,6.0907162069827195e-05
44,0.12247483718588396,0.9155458473652187,0.9542603613660452,0.9425658785082676,0.9800358262878878,0.8888850465968803,0.844725507070069,0.9215169783629891,0.9702780997454686,0.9898624670812276,0.9405902835660561,0.9147408154500025,0.9558301409874711,0.2774000076784028,0.8366547561886293,0.9007006895381598,0.8732522347616771,0.9259648075889028,0.7425754357957177,0.7710807967990164,0.8704005059978318,0.9306607032786683,0.9539957637405806,0.8449010661620369,0.8682308653081198,0.9057150492013937,5.93690657292863e-05
45,0.12112256199880331,0.9163717514317897,0.9542910818966683,0.9428225417655928,0.9806507609232709,0.8880576632089086,0.8486517424936648,0.9216760487675115,0.9703675419418114,0.9902014588915633,0.9399488741222414,0.9173886413765248,0.9535488931512012,0.27096707716820734,0.8387333811319891,0.9019171291224544,0.875243873350204,0.9254266800551069,0.7440507925810322,0.7791631447653922,0.8697824149082104,0.931681559113425,0.9535611712277565,0.8456117680146682,0.8734257574520246,0.9053053898043969,5.7821723252011606e-05
46,0.1210892307917001,0.918259463748998,0.9560864408642364,0.941990093914447,0.9799933532873789,0.889385763141844,0.8496817825017152,0.9302463258996054,0.9699223653638954,0.9898415641798278,0.9408776227542629,0.9180001198705421,0.961790532152654,0.2714173160197716,0.8381098110465303,0.9017833462804156,0.876349823815482,0.9304740598927888,0.7425629434486231,0.7715245553898433,0.8696376726859145,0.932429656697113,0.9575723818615433,0.844362157343793,0.8684089114232425,0.9061436240763859,5.6266661678215284e-05
47,0.11928482222612258,0.9181500354298839,0.9556312002914321,0.9429710632948963,0.9805690363325454,0.8918659089616051,0.8508963931213926,0.9244477754389798,0.9704580352835509,0.9901566252452784,0.9422472569585084,0.9185812984388356,0.9567127855309872,0.27600772412759916,0.8355717058456132,0.9001764721655118,0.8746060712469949,0.9258223620080759,0.7394392566666717,0.7682248804540861,0.8697659588522382,0.9314733871851594,0.9545081929823781,0.8424006818623146,0.8663792779504447,0.9061208208472626,5.470541566592577e-05
48,0.11845783715101856,0.9188906373525108,0.9562701359148902,0.9442970519540487,0.9812381144751001,0.8904957532606743,0.8522073510620329,0.9262149160106977,0.9711661035050357,0.9905040555729314,0.9414997991268189,0.9195257235640759,0.9586549978055889,0.28467567247294245,0.8357435101421462,0.9000195177804018,0.8760091920220663,0.9256786155026584,0.7396283487138885,0.7652582657479104,0.872143128724207,0.9323378368968521,0.9539585882541729,0.8422586975519224,0.8643801863592179,0.9071622798398438,5.313952597646573e-05
49,0.11734943238466426,0.9193774488099196,0.9562188304446213,0.9457856273209607,0.9795837747278037,0.8931772028682409,0.8528060324628044,0.925534606669788,0.9719830166298817,0.9892619383384536,0.9430609758593141,0.9196764611357288,0.9571117602597281,0.2748501082320535,0.8372570902759595,0.9010751062210517,0.8762862741474121,0.9267719442409182,0.7384353460714458,0.7712301053698101,0.8735617815502106,0.932416597579153,0.955072039202398,0.8414255156000058,0.8680256201078582,0.9084357586158432,5.1570537953906474e-05
50,0.11572027378025707,0.9211076005650856,0.9572411362877389,0.9461051990036611,0.982288762651108,0.8955465139890159,0.8560566932514861,0.9255408339301573,0.9721532608461984,0.9910442889390682,0.9443800404685704,0.921786332436857,0.9568417587480006,0.26775913271639085,0.8380874339616785,0.9016056136864439,0.8769737347250893,0.9274037574632241,0.7425944632554929,0.7733246212204298,0.8701405931441557,0.9329135311988093,0.9549870428490813,0.8445001863219272,0.8696017554860552,0.9060255525763456,5.0000000000000057e-05
51,0.11458651264439579,0.9215098868779563,0.9574492186293441,0.9470531351312443,0.981717800790513,0.8968723075533355,0.8555602721042104,0.926345918810478,0.9726609930033858,0.9907453816387741,0.9450940999623887,0.9213656787101351,0.9573799398320362,0.2780810409181175,0.8385139005184765,0.9018442307188991,0.8760130097941746,0.9310117195996027,0.7404864059746383,0.7727749376069932,0.8722834296169735,0.932343826728809,0.9573219816844142,0.8427162820637463,0.8692021945201068,0.9076368685974193,4.842946204609364e-05
52,0.1116620844092082,0.9228317563042596,0.9583291364434959,0.9473679941837434,0.9831426382340767,0.9002448134124279,0.8610561052682223,0.922347230422828,0.9728051890612837,0.9914786715784655,0.9470241400158049,0.9247719099090332,0.9555657716528927,0.2866271933511136,0.8388008004557046,0.9020712485147262,0.8781172008741469,0.9285166154778193,0.7442384425195909,0.7704504023468683,0.8726813410600972,0.933573055832971,0.9554853504379416,0.8457848609593271,0.8678079964920493,0.9077049788513417,4.686047402353438e-05
53,0.11238270107208302,0.9234157278719876,0.9589303685742744,0.9476608269744449,0.9824925484480681,0.898152154766851,0.8600389969845613,0.9287341121860124,0.9729619513545672,0.9911407557544997,0.9457889431549618,0.9241615347388562,0.9605986578684871,0.27439183845288223,0.837651384485856,0.901379056097694,0.8750382737507896,0.925189114160954,0.7423541520145678,0.7724949922116976,0.8731803902912707,0.9317675067526376,0.9535126877284806,0.8444158893135105,0.8689913734492234,0.9082078232446179,4.529458433407433e-05
54,0.1106912396348047,0.9246401931124705,0.9593275512655473,0.9478608734077878,0.9827464366400683,0.9008229431454782,0.863140944391489,0.928629767977529,0.9730879329356135,0.9912778342768604,0.9473714274444768,0.9260106706795374,0.9588898909912478,0.27354813334606,0.8385706568609864,0.9018629185303982,0.8787342101808578,0.9308209115314106,0.742085587070693,0.7706660612944572,0.8705465142275133,0.9338402741499603,0.9571075454017367,0.8439589176673502,0.8677169423809729,0.9066909130519712,4.3733338321784836e-05
55,0.10973309089119236,0.9259903546284747,0.9604284854492923,0.948901228054806,0.9837392460968759,0.9016068682626441,0.8618484220846936,0.9338560086433534,0.9736413048989115,0.9917858271027359,0.9477736482703422,0.925079257009601,0.9638623899648708,0.2848591641596859,0.8384961125455679,0.9019169211606826,0.8762382439204625,0.9305008758628179,0.7425756195175742,0.7695108693506982,0.8736549540762863,0.9324769800170905,0.9569188984736412,0.8444654968574948,0.8672324142206667,0.9084908162345199,4.21782767479885e-05
56,0.10855565840999286,0.9264584156719071,0.9605157298512836,0.9494572168699017,0.9832679167113922,0.903800301529743,0.862974871225931,0.9327917720225675,0.9739252793182515,0.9915284646902607,0.9490687686305046,0.9256912940706816,0.9623648425467196,0.27978565475888667,0.8397977968500484,0.9028075739905248,0.8773228660935447,0.9317597452373731,0.7450003152535785,0.771248537514891,0.8736575201508545,0.9331060135560939,0.9576645615968892,0.8462001788022394,0.8684353199428944,0.9086317960545068,4.0630934270713814e-05
57,0.10826841038134363,0.9244903159776218,0.9585476789540849,0.9508089390065935,0.9832365697732678,0.9024873719447188,0.8638077568676736,0.922110942295856,0.9746627689775379,0.9915232740540374,0.9482920425751153,0.926345584009001,0.9519147251547324,0.2952584869095257,0.8390593378109829,0.9022579382873607,0.8768445336156421,0.9321590774352588,0.7415478611069303,0.7679459709260199,0.8767992459710628,0.9328273511860862,0.9580619027693736,0.8436310196319712,0.8661834188666592,0.9105859989827134,3.909283793017293e-05
58,0.10771114426596021,0.9258189956209174,0.9601244347675669,0.9491549077685233,0.9823665669946758,0.9031467309428586,0.8653461212913195,0.9290806511072097,0.9737572452151023,0.9910670461668788,0.9486005906502456,0.927236026835663,0.9599612649699447,0.27829819752110374,0.8406595861317502,0.9032462319780802,0.877779140122353,0.9309032730876453,0.7443199342427155,0.7751529664983825,0.8751426167076543,0.933326928586011,0.957092598956812,0.8453430518349895,0.8708569293467957,0.9096116511657925,3.75655056417573e-05
59,0.10630419697716004,0.927567788944752,0.9610583254733094,0.9512612816912157,0.9841037289135985,0.9050189296680468,0.867340710428026,0.9301142940228736,0.9748944840403458,0.9919727407879907,0.9497484468654329,0.9284122847411085,0.9602636709316684,0.28211038447325193,0.8400288270490746,0.9029420171759768,0.8781062863648884,0.9306589606262389,0.7450052868900081,0.7716237919198142,0.8747498094444237,0.933584408776399,0.9569027227303551,0.8461056219461757,0.8685936488344743,0.9095236835924794,3.605044469803859e-05
60,0.10555586274885745,0.9279713163014364,0.9612081247609401,0.9503358184463448,0.9820820829934545,0.9061100921697087,0.8662490316287235,0.9350795562689503,0.974369135279037,0.9898082720262187,0.9503391257931374,0.9277415429150808,0.9637825477912271,0.2882766371652011,0.8387481746189888,0.9021344140284933,0.8779342063362636,0.9301211928564405,0.7419077886918944,0.7705373586643309,0.8732403265460144,0.9334842118041496,0.9566452933576826,0.8440114567864317,0.868025064772849,0.908506043421353,3.454915028125269e-05
61,0.10503941490659835,0.9282286770365857,0.9612989755511359,0.9506112811742006,0.983966353452868,0.9046415899086881,0.8681062273681164,0.9338179332790552,0.9744960483961042,0.9918962560763348,0.9494517353614108,0.9288058985312863,0.9618449393905432,0.284542808368329,0.8395869486388706,0.9027257046356698,0.8780776359259136,0.931149833022602,0.742332468903254,0.7727276391926265,0.8736471661499569,0.9335808658648136,0.9574178402474667,0.8444335915763715,0.8694131650596514,0.9087830604300462,3.3063103987735474e-05
62,0.10338229565294804,0.9316550241024405,0.9638889530914245,0.9526289146807458,0.9843750418060355,0.9088789484015217,0.8706687679169355,0.9417234477069643,0.9756134419165143,0.9921054081267877,0.9518865130412183,0.9303797192002109,0.9694596831723915,0.28340949304401875,0.8391766353077921,0.9024370233427147,0.8772118654516008,0.9302763094190538,0.7429965401570948,0.7697951233103162,0.8756033382008946,0.9330321789835783,0.9572228477645379,0.844948005337121,0.8674749741521657,0.9095071104761708,3.159377236576616e-05
63,0.102348403574002,0.9309067840411984,0.9628362239144591,0.9537766357814824,0.9848564810774945,0.9091526490670664,0.8727856708897485,0.9339624833901999,0.9762363486700778,0.9923532812626027,0.9520061801271699,0.9314848740332776,0.9621004354791675,0.2872172757569287,0.8401168564245814,0.9030582469798913,0.8773639507236934,0.9326499265337748,0.7442864115157771,0.7724892325581066,0.8737947607915553,0.933106377067207,0.9585353957059469,0.8459851695584567,0.8690915360008772,0.9085727565669688,3.0142605468261005e-05
64,0.10191274355855529,0.9319090268540162,0.9637016824918108,0.9539233123262724,0.9851835975768389,0.9093761939417433,0.8725731746742019,0.9384888557510244,0.9763202521913849,0.9925231838061359,0.9521144448365596,0.9313879121130095,0.9661626195119639,0.28943546092699446,0.8370903503800194,0.9010366299445746,0.8767801773926568,0.9297164930474191,0.7419073152400198,0.7668872041598199,0.8701605620601821,0.9327932062771764,0.9562086054899773,0.8442003718322949,0.865520144049569,0.9064608220738548,2.8711035421746404e-05
65,0.10105225248952154,0.9311303228415826,0.9631355641592322,0.9541622485827517,0.9850113408433067,0.9100503129539667,0.8718746162399098,0.9345530955879776,0.9764419835077656,0.9924348356422912,0.9525192875390917,0.9310231193406854,0.9632585947663266,0.28839249290998964,0.8392800268613628,0.9023143870466684,0.8779218542197395,0.9324247263490207,0.7410264078764215,0.7704926293993754,0.8745345164622579,0.9334348415241256,0.9581192529564566,0.843200380092972,0.8677160664366734,0.909101394223114,2.73004750130227e-05
66,0.10033196084097856,0.9314428746665794,0.9629531393051284,0.9546591409102634,0.9843248247548386,0.9121348016239978,0.8753768220819809,0.930718783961816,0.976684191925331,0.9920714007758058,0.9537111204152995,0.9331264019559695,0.9591725814532366,0.28900131964612574,0.8399124938669422,0.9028087257557239,0.8783962707670908,0.93238221678055,0.7441830094312392,0.77017338290101,0.8744275894548211,0.9337383618027917,0.9581003736678061,0.8455494139764822,0.8676803094768535,0.9089751698546866,2.5912316294914263e-05
67,0.1004343288346987,0.9308428280607417,0.9624060608595322,0.9551555373602443,0.9827789868469592,0.9097411145490629,0.8741788986932348,0.9323596028542077,0.976965896727562,0.9904998548631586,0.9522828488070061,0.932337884957792,0.9599438189421425,0.28659982488505426,0.839612605339951,0.9025652488229119,0.8778100742234124,0.9324609608877272,0.7430345156481342,0.7704048011274565,0.8743526748130246,0.933389394743726,0.9580900135284829,0.8444974012989824,0.8677994800062472,0.9090499545371206,2.4547929212481466e-05
68,0.09903475706017127,0.9321435685513144,0.9632922081796135,0.9548898669028724,0.9851422903162462,0.9135624942956148,0.8757834677343015,0.9313397235075374,0.976808378450478,0.9924967609174494,0.9544855813790397,0.9332619279706317,0.9594083921804685,0.2896172217137757,0.8394770522675816,0.9025669721237366,0.8763933361522735,0.9327866200889859,0.7416894002447999,0.7715958971825857,0.8749200076692634,0.9325339490341424,0.958747706410537,0.8434963056358038,0.8685233480644798,0.9095335514737194,2.320866025105019e-05
69,0.09799624786332801,0.9346647078723267,0.9651673969313963,0.9553364374571376,0.9854680701262422,0.9155173383101269,0.8776673544888143,0.9393343389793126,0.977021505759207,0.9926649395953795,0.9556041609425049,0.9343054230169631,0.9662409553429275,0.2893739416899662,0.8389407033780738,0.9021955680165842,0.8781192674050255,0.9291844255630932,0.7425386723249204,0.7697844148155243,0.8750767367818053,0.9335829533134813,0.9557699160221926,0.8445413916382786,0.8674670503720059,0.9096165287369629,2.1895831107393498e-05
70,0.09819139904963474,0.9349729147222308,0.9654101558305335,0.9553920895689063,0.9855020073828874,0.9133023887320801,0.8780313457051913,0.9426367422220884,0.977034130007008,0.9926770892765907,0.9539702270528423,0.934624734692555,0.9687445981236715,0.28858982558761326,0.8406717162697562,0.9034078043619168,0.87815651250264,0.9316877772410711,0.7451262758778674,0.7713371023299203,0.8770509133972819,0.9335511372997122,0.9576154665216529,0.8464014117321487,0.8685071984935989,0.9109638077624711,2.061073738537638e-05
71,0.09857382013945391,0.9326422527501428,0.9636256239940195,0.9554641987714503,0.9852640299057519,0.9129346426990297,0.8761265719378436,0.9334218204366388,0.9770986363319621,0.9925605804931676,0.9541289565134967,0.9334140868181343,0.9609258598133368,0.2879084922255032,0.8399361618705804,0.9028230187677388,0.8787033870106652,0.9327457126096955,0.7436056643399218,0.770095091845308,0.8745309535473113,0.9338872670993148,0.9583642674341325,0.8449784406130524,0.8676630808476997,0.909222037844495,1.9354647317351198e-05
72,0.09647480649356213,0.9364580338199933,0.9664943538845616,0.9567985333226345,0.9850962850506659,0.9166986227587417,0.8797489165983818,0.9439478113695428,0.9778235905632421,0.9924744754468997,0.9562041018374136,0.9356039376533476,0.9703656639219053,0.2924184190138938,0.8401977956501975,0.9029175970677373,0.8785657676912489,0.9322587734176999,0.7452475479286578,0.771038426884583,0.8738784623287973,0.933794259668595,0.9580043362601016,0.8460327401866381,0.8681234368016595,0.9086332124216926,1.812880051256554e-05
73,0.09592185110819561,0.9354908594102772,0.9655462841681306,0.956933024028937,0.9860208070388546,0.9170920934390139,0.8797431748222422,0.9376651977223379,0.9778875826101264,0.9929479914917503,0.9563976521415918,0.9355623913068405,0.9649358032903441,0.28982312371215174,0.8400987921903532,0.9029175138699056,0.8789794291295703,0.93273966451959,0.7446186983928321,0.7704913081630828,0.8736648607466903,0.9340983162455365,0.9582426421264271,0.84573946325562,0.8679275815943843,0.9085795661275601,1.693440673381744e-05
74,0.09657072140490292,0.9350754240596736,0.9653635289021351,0.956742554627083,0.9855055621376744,0.9165069089719543,0.8786588231170619,0.9379632714445945,0.9778002596950792,0.9926794295975626,0.95613080164005,0.9349149531307729,0.9652922004472101,0.2956587735800043,0.8399656400527983,0.9028105477636055,0.8781557395344689,0.9325427914422656,0.7442862586458288,0.7708002015475243,0.8740432090939038,0.9335321304320806,0.9581075804715441,0.845554231472825,0.8680683759171272,0.9087904205244508,1.577264470356559e-05
75,0.09515540291451746,0.9358332207081494,0.9657012804227127,0.9575706578239247,0.9856970394375147,0.9180461807107484,0.8804075860038951,0.9374446395646643,0.9782389088202346,0.9927815080462522,0.9569596818046492,0.9359371224705986,0.9645891809718291,0.29021844723158413,0.8401419127655643,0.9029569692091753,0.8783608015094485,0.9303194828449733,0.7458215165025894,0.771445563269986,0.8747621997008248,0.9336837329185415,0.9568258184962685,0.8465461535768133,0.8684057701301361,0.9093233709241173,1.464466094067265e-05
76,0.09463985507479972,0.9354891747788147,0.9651494037886614,0.9573230243943356,0.9858841996777941,0.9176949665502265,0.8804624776045481,0.936081205667169,0.9780971044161186,0.9928751726895991,0.9567461120075776,0.936022692074932,0.9620059377550796,0.295334276344095,0.8406775608954449,0.9033166699001498,0.8791604460704894,0.93303536907548,0.7446118248183102,0.7698074086081415,0.8767727559048032,0.9341771936086347,0.9583249155070572,0.8459067326700956,0.867427102834331,0.9107474048806301,1.3551568628929456e-05
77,0.09467241169746828,0.9358105027220315,0.965576921767443,0.957188679802197,0.9854621532614585,0.9183272488967136,0.8821520657382078,0.9359223659115808,0.9780179894280466,0.9926453841658321,0.9570746222535684,0.9365287295145488,0.9636178834752193,0.2929008242097639,0.8397734614148262,0.9028135814721144,0.8770896929597097,0.9296523067686293,0.7452876180085162,0.7715335678723123,0.875304121464964,0.9329589193481913,0.9563422463021838,0.8462720301029927,0.8686459375519009,0.9098487740553034,1.249444651847704e-05
78,0.09454370590996135,0.9355130391264403,0.9649146658795816,0.9579051590904042,0.9857735920835424,0.9180889071689712,0.8814983792878963,0.9342991580013875,0.9784100152576409,0.9928194786866166,0.9569960461104335,0.9366064169447129,0.9597413723985042,0.29662792570888996,0.8403589224235878,0.9031003625258183,0.8780435884282702,0.9328015499881336,0.7437834681440441,0.7721599813491579,0.8750060242083337,0.9335319801740157,0.9582455132149463,0.8451694699786575,0.8689050695493454,0.9096497797121272,1.1474337861210562e-05
79,0.09317943932385081,0.9381157164358431,0.9671303169970635,0.9590177945792675,0.984363181102607,0.9195164342721304,0.8845670897927549,0.9431140824324555,0.9789847253608603,0.9916722437969838,0.9577929100346402,0.9383818483134442,0.9688198574793888,0.29403353745620403,0.8392375906722412,0.9024641688254473,0.8784456643320265,0.9316404460678025,0.7425368729505747,0.769688496395709,0.8738764736150938,0.933788573131855,0.9576410794959971,0.844338636734156,0.8674437160107964,0.9091088387544317,1.0492249381215497e-05
80,0.09323466269954762,0.9374805348890799,0.9667269775950784,0.9587200805544853,0.9864994487552731,0.919061595229087,0.883047125129788,0.9400744247767661,0.9788334274529201,0.9931894313727185,0.9575160831802189,0.9374363620646889,0.9666595839048454,0.2964221229333253,0.8404753073251673,0.9031557891999202,0.8781299915105577,0.932486689398213,0.7440599127569132,0.7705398484591454,0.8771600945010072,0.9335696373717638,0.9580755482096094,0.8454580981596084,0.8679198134761144,0.910755848782506,9.549150281252648e-06
81,0.09339879158263405,0.9369102637800906,0.9659416374363211,0.9584990370052832,0.9860599544589166,0.9195675626397133,0.8837463906793682,0.9366783741171714,0.9787256058158659,0.9929629502534384,0.9577800103445966,0.9378989559620431,0.9623406648056616,0.2942466932748045,0.8405872653164561,0.9032426223216694,0.8783699858283239,0.9325242454097384,0.7448470861547523,0.7722950123605274,0.8748999968289383,0.9337280169300979,0.9582650957026448,0.8457999656673192,0.8691132390570765,0.9093067942512085,8.645971286271927e-06
82,0.0934139552646903,0.9360703675697246,0.965332626011475,0.9586197684208552,0.9859750756510982,0.919383772407417,0.8822377744924139,0.9341354468768394,0.9787774785683259,0.9929221601358093,0.9576492245673127,0.9368798134354248,0.9604344533505023,0.2950854160719448,0.8398955731283104,0.9028850859572645,0.8788923755997703,0.9314770309461488,0.7449369493812795,0.768194389130388,0.8759771205839657,0.934013174399205,0.9575466815047745,0.8462003202399855,0.8664810578689333,0.9101841957734239,7.78360372489927e-06
83,0.09321351711534792,0.9376390017293117,0.9665709040820731,0.9586072154343128,0.9863802030406617,0.9185640334531113,0.884561025020149,0.940082531698324,0.9787763740527015,0.9931278796698898,0.9572009719318528,0.9383709131565146,0.9653783815994066,0.29735602692715707,0.8391548644736527,0.9022337453295479,0.8766773468445218,0.931548673245642,0.7406639497180189,0.7716946203320746,0.8751897322280067,0.932698544728497,0.9575711905506786,0.8425912308533542,0.86859898721797,0.90970877329724,6.962898649802823e-06
84,0.09202708870482941,0.9383805055861121,0.9671260468366402,0.959704277554044,0.9863654817971919,0.9210309320025973,0.8842968147386003,0.9405050218381263,0.9793547092410672,0.9931206053107533,0.9585910685324451,0.9381401888905267,0.9664236622084091,0.2976789769258291,0.8406229267576857,0.9032494881274455,0.8792459787357421,0.9331219219972217,0.7435573789158038,0.7702549311613279,0.876934422978333,0.9342083704574612,0.9586428792437084,0.8448940470409927,0.8677017782146165,0.9108003656804492,6.184665997806831e-06
